<xml xmlns="http://www.w3.org/1999/xhtml"><block type="arduino_setup" x="-88" y="-63"><statement name="MyLoop"><block type="ir_controller_decode_loop"><next><block type="ir_keyes_controller"><field name="PIN">7</field><field name="IR1BTNID">12</field><statement name="STATEMENTS"><block type="inout_digital_write"><field name="PIN">0</field><field name="STAT">HIGH</field></block></statement><next><block type="ir_keyes_controller"><field name="PIN">7</field><field name="IR1BTNID">16</field><statement name="STATEMENTS"><block type="inout_digital_write"><field name="PIN">0</field><field name="STAT">HIGH</field></block></statement><next><block type="ir_keyes_controller"><field name="PIN">7</field><field name="IR1BTNID">13</field><statement name="STATEMENTS"><block type="inout_digital_write"><field name="PIN">0</field><field name="STAT">HIGH</field></block></statement><next><block type="ir_keyes_controller"><field name="PIN">7</field><field name="IR1BTNID">15</field><statement name="STATEMENTS"><block type="inout_digital_write"><field name="PIN">0</field><field name="STAT">HIGH</field></block></statement><next><block type="ir_keyes_controller"><field name="PIN">7</field><field name="IR1BTNID">14</field><statement name="STATEMENTS"><block type="inout_digital_write"><field name="PIN">0</field><field name="STAT">HIGH</field></block></statement><next><block type="ir_keyes_controller"><field name="PIN">7</field><field name="IR1BTNID">1</field><statement name="STATEMENTS"><block type="inout_digital_write"><field name="PIN">0</field><field name="STAT">HIGH</field></block></statement><next><block type="ir_keyes_controller"><field name="PIN">7</field><field name="IR1BTNID">2</field><statement name="STATEMENTS"><block type="inout_digital_write"><field name="PIN">0</field><field name="STAT">HIGH</field></block></statement><next><block type="ir_keyes_controller"><field name="PIN">7</field><field name="IR1BTNID">3</field><statement name="STATEMENTS"><block type="inout_digital_write"><field name="PIN">0</field><field name="STAT">HIGH</field></block></statement><next><block type="ir_keyes_controller"><field name="PIN">7</field><field name="IR1BTNID">4</field><statement name="STATEMENTS"><block type="inout_digital_write"><field name="PIN">0</field><field name="STAT">HIGH</field></block></statement><next><block type="ir_keyes_controller"><field name="PIN">7</field><field name="IR1BTNID">5</field><statement name="STATEMENTS"><block type="inout_digital_write"><field name="PIN">0</field><field name="STAT">HIGH</field></block></statement><next><block type="ir_keyes_controller"><field name="PIN">7</field><field name="IR1BTNID">6</field><statement name="STATEMENTS"><block type="inout_digital_write"><field name="PIN">0</field><field name="STAT">HIGH</field></block></statement><next><block type="ir_keyes_controller"><field name="PIN">7</field><field name="IR1BTNID">7</field><statement name="STATEMENTS"><block type="inout_digital_write"><field name="PIN">0</field><field name="STAT">HIGH</field></block></statement><next><block type="ir_keyes_controller"><field name="PIN">7</field><field name="IR1BTNID">8</field><statement name="STATEMENTS"><block type="inout_digital_write"><field name="PIN">0</field><field name="STAT">HIGH</field></block></statement><next><block type="ir_keyes_controller"><field name="PIN">7</field><field name="IR1BTNID">9</field><statement name="STATEMENTS"><block type="inout_digital_write"><field name="PIN">0</field><field name="STAT">HIGH</field></block></statement><next><block type="ir_keyes_controller"><field name="PIN">7</field><field name="IR1BTNID">0</field><statement name="STATEMENTS"><block type="inout_digital_write"><field name="PIN">0</field><field name="STAT">HIGH</field></block></statement><next><block type="ir_keyes_controller"><field name="PIN">7</field><field name="IR1BTNID">10</field><statement name="STATEMENTS"><block type="inout_digital_write"><field name="PIN">0</field><field name="STAT">HIGH</field></block></statement><next><block type="ir_keyes_controller"><field name="PIN">7</field><field name="IR1BTNID">11</field><statement name="STATEMENTS"><block type="inout_digital_write"><field name="PIN">0</field><field name="STAT">HIGH</field></block></statement></block></next></block></next></block></next></block></next></block></next></block></next></block></next></block></next></block></next></block></next></block></next></block></next></block></next></block></next></block></next></block></next></block></next></block></statement></block></xml>